{"num_groups": 11, "point_group": [0, 1, 2, 3, 4, 5, 6, 7, 8, 9, 10], "point": [[0.11312843137618189, 0.8381207836906003], [0.9784613164428265, 0.48083671880009926], [0.8235033989755824, 0.9177212068675856], [0.048618558830749836, 0.36309490892991103], [0.6253329763697482, 0.24046608808078518], [0.5127532785244086, 0.15725413567457014], [0.8203854380879088, 0.24706622789122712], [0.3267720511016927, 0.13968547928271213], [0.09253673529998341, 0.75868484769326], [0.29143468493760294, 0.6273236011732136], [0.8779098209641923, 0.4532449455448322]]}