{"num_groups": 9, "point_group": [0, 1, 2, 3, 4, 5, 6, 7, 8], "point": [[0.43599490214200376, 0.025926231827891333], [0.5496624778787091, 0.4353223926182769], [0.42036780208748903, 0.3303348210038741], [0.2046486340378425, 0.6192709663506637], [0.29965467367452314, 0.26682727510286663], [0.6211338327692949, 0.5291420942770391], [0.13457994534493356, 0.5135781212657464], [0.18443986564691528, 0.7853351478166735], [0.8539752926394888, 0.4942368373819278]]}